Gene,Chr,Start,End,P.PFCR,P.PFC,P.OFB,P.APP
ULK1,chr12,132174822,132703878,1.36440629560507,1.5875834534865,3.70025389815718,4.18659593004164
BCL2L1,chr20,30029497,30587214,1.44549822955221,0.954415160337047,4.4166766550288,2.02888959262198
USP6,chr17,4726688,5323919,1.0792678027711,2.43174218633062,3.21215213522435,2.37326857170801
TLR9,chr3,51966618,52571235,1.23700399455778,1.82647463570654,3.77237312433302,1.99051492050451
PLEKHF1,chr19,29858704,30456792,0.999070402405239,1.18529807572574,4.74981288402236,1.95314314972632
ERN1,chr17,61850400,62503937,1.02229865150115,1.27220344067752,3.70116634383797,1.95078765130169
TIAL1,chr10,121037811,121632797,0.938501638250647,0.937352303055197,5.8876273027972,1.95078765130169
AP1M1,chr19,16073422,16643092,0.920305100335101,1.57892504857269,3.0294489229591,1.95078765130169
RNASET2,chr6,167047540,167573541,0.957205004803105,1.83254846430515,2.91102398200809,2.3660545292026
ATP6V0A2,chr12,123900103,124537160,0.909317659337106,0.965758262704076,4.04589310616329,2.3288369635062
PEX14,chr1,10233740,10894916,1.05044373097421,3.50369363909689,6.56655559701579,1.89069733707835
AP3D1,chr19,1811593,2455048,0.891443662016101,6.4856098993898,3.84621772513329,3.58103432491826
GNA11,chr19,2794415,3411919,1.36440629560507,1.013672140954,2.68732424016187,1.98259618533123
PTGDS,chr9,139579942,140164559,0.881689227087612,1.53181681694076,3.21331786815429,3.42310185490516
IFI30,chr19,18000531,18584897,2.04855724720489,2.08164806345267,2.46696935313539,1.51799785486779
ATG9A,chr2,219827293,220388075,0.795810652899391,0.801469260627061,1.91224141634086,9.91332977794787
HDAC1,chr1,32478538,33078496,0.46994814967972,1.36925926242268,8.85551585543368,1.41586430181723
CPVL,chr7,28812009,29526075,1.41913423561962,1.36260533434054,2.49744950894541,2.57354222969838
NPC2,chr14,74662768,75138651,0.98271328534334,2.73868177114553,3.52501404504778,1.8168348875634
GNS,chr12,64845149,65449811,0.872639476955236,3.10266091527173,2.82142690857415,1.87655955405549
PEBP4,chr8,22485916,23157142,1.41004981327891,0.836211691170353,2.55677437951553,1.96796600250413
CTSD,chr11,1519567,2080906,1.07820928968214,2.52587790722339,4.72138429580153,1.20325790810637
PRKCQ,chr10,6342578,6921876,1.95644454130511,3.37317477865699,1.88938254708277,1.31422035661964
ACMSD,chr2,135296903,135872874,0.59234498542471,1.61051549086568,8.69904346906616,0.572455523300477
VPS11,chr11,118666530,119249578,0.534142918785514,1.75340181406099,2.05266414700654,5.93451236000219
COL6A1,chr21,47124085,47720525,1.09519311019126,1.05988312886281,2.43550091600959,1.77915086630472
ATF4,chr22,39621144,40159893,0.835453737719486,2.66772724438434,3.32622161382102,1.92622034982829
DNAJC5,chr20,62227707,62823990,1.07820928968214,2.83556870151267,4.95690124487673,1.6313173414942
RPTOR,chr17,78221388,79222317,0.909317659337106,1.95739936470414,4.71722936100445,1.6944375663866
ATP11A,chr13,113097837,113832412,0.82902023130438,2.20086941148888,2.50165743363586,1.93158503534928
GNPTAB,chr12,101921724,102461769,0.874286861567514,0.257515326479049,2.68155282841562,1.68311519939233
MAP1LC3B,chr16,87160872,87722447,0.853753547952346,2.22771322258459,2.54887816265822,1.6544674604934
WDR48,chr3,38870281,39309552,1.07255329267944,0.895639736467738,0.925194341276414,2.32047001791717
SPHK1,chr17,74141517,74682036,1.94621232827379,2.13374553285407,2.8914707251489,1.65066940817268
PARP1,chr1,226287874,226894548,0.805708218916272,1.06077435027227,3.07416414554198,1.91192630181723
CD68,chr17,7186818,7759171,0.750968731536962,1.94587450407219,5.00519880171606,2.18914192847591
USP10,chr16,84439026,85099849,0.811353755418215,0.936101613819732,2.30101800588099,2.01960379393866
CHIT1,chr1,202897502,203541120,0.793281756356371,1.36260533434054,1.69441565331667,4.35149061816551
ARF1,chr1,227974760,228567152,0.592676226994888,1.4080596165259,6.98341826962974,1.16977875216986
HYAL2,chr3,50078459,50650152,1.06106960375759,1.4080596165259,3.69408265978572,1.24198638457003
ADAM8,chr10,134955794,135378838,0.789134514523036,1.50547511786593,3.66852223120739,1.96153561908662
CLN5,chr13,77273577,77847896,0.727108831057887,0.464792044006,4.24464353552726,2.12683962390884
UNC13D,chr17,73531171,74138118,0.891443662016101,2.07270767184026,3.77237312433302,1.58649224251742
HSPA8,chr11,122631731,123231181,0.787418606892707,1.7516332644661,2.82142690857415,2.48261828850479
TMPRSS9,chr19,2266725,2701200,1.61628688482103,0.869754690534111,1.09662106676793,0.938085573378197
IDUA,chr4,754633,1230262,0.991505881396219,2.08164806345267,6.79197245640243,1.0596461714004
LITAF,chr16,11353242,12010752,0.508294679593386,1.61800664832514,3.86981846963593,2.05754676726514
MAN2B1,chr19,12594902,13065328,0.78676203461928,1.00165522963766,3.0627339984496,2.70188397356353
MAPK9,chr5,179372207,180015760,0.945202258133841,1.18529807572574,2.19173004145564,1.55637923627318
APOL1,chr22,36357786,36938363,1.09519311019126,1.49117559932202,2.04022073141442,2.04129473377046
MPO,chr17,56085252,56655267,1.02802673369427,1.00937410181216,4.52413959626765,1.28476042444245
TRIM23,chr5,64769201,65220046,0.753637683319229,0.373804053093938,3.3362699307525,2.40122171614882
TM9SF1,chr14,24385821,24740277,1.02206769691518,1.23134334072622,2.14924540068857,1.84274954338857
PLBD2,chr12,113497350,114109874,0.874286861567514,1.12864789962861,2.40660502894007,1.54072144378097
PSAP,chr10,73288230,73894713,0.911057393517935,2.42104865667318,5.8149510144788,1.53701320489612
MFSD12,chr19,3435493,3867140,1.02802673369427,3.37317477865699,1.54059646954259,2.18914192847591
SERINC2,chr1,31635768,32172205,1.55989512430456,2.36895131170642,1.85439982563249,0.770077568727515
CDKN1A,chr6,36354180,36922722,0.68523671930024,4.67478929970531,6.67261969099901,1.60745067222872
DRAM2,chr1,111392472,111968030,0.326585860825964,1.38749411460918,0.788195101653259,4.18621354599749
LMX1B,chr9,129088139,129644908,0.776431602700595,1.02875391407799,2.15142457600513,1.77773276672244
STK11,chr19,899227,1509842,0.771747137223017,3.64996517914784,3.92728849106245,1.8698562617938
MARCH9,chr12,57910747,58334908,0.840620955415553,1.55301404520857,4.61774391308532,1.47860125075799
PNPLA7,chr9,140246942,140658265,0.811448465877835,1.76824497328409,2.05609300474854,1.706370639142
STXBP2,chr19,7402905,7995951,0.787838761281428,1.52159518127411,3.37948833318748,1.45567745278893
LAMTOR2,chr1,155791958,156254169,1.15225329940029,2.88227132518113,1.20188153144655,1.99075784896596
PSEN2,chr1,226896665,227315232,1.54009365579811,1.67771036777769,1.43559413932522,0.736181738451871
RRAGC,chr1,39024704,39584477,0.668229566333429,1.11847664868698,2.19955612008923,4.15554278372981
ATP6V1C2,chr2,10564823,11210613,0.618170709900733,1.24006485935378,3.16593719726964,2.13308771323348
CTSK,chr1,150479434,151032962,0.912419721925607,2.07270767184026,2.01184289072205,1.92126527854259
HSP90AB1,chr6,43917764,44493051,0.526173393494031,0.485996740591868,1.77187862420503,3.93549716118762
DEPDC5,chr22,31863406,32559838,0.754764841084508,1.76515044058165,1.9976246637493,1.79662556605387
SLC35F6,chr2,26696855,27275135,0.911057393517935,1.20545374775475,1.9976246637493,1.74920399648269
FOS,chr14,75446254,76044344,0.874286861567514,1.33222979242247,4.84663727314904,1.42882640640299
LDLR,chr19,11242495,11376461,0.750968731536962,0.732196743889935,2.07691940061605,1.86406673667187
TMEM8A,chr16,130198,736630,1.30972879431284,2.17230898843169,2.29729465019287,1.41586430181723
ADA,chr20,42963122,43580619,0.874286861567514,1.76994424330079,2.58796314827412,1.40123955055255
MTOR,chr1,10899558,11562925,0.535004636962802,1.16157587042404,3.04625100323797,2.09282781378435
SIDT2,chr11,116777207,117360540,0.818380095701007,2.88227132518113,3.5264235960112,1.39907810088697
DNASE1,chr16,3371331,4003991,0.747826219852462,1.5100971251303,2.49601827524012,1.56271806417384
EPDR1,chr7,37429105,37888584,0.777466944751059,0.5491057615987,1.93783375358948,2.06825002043746
DNASE2,chr19,13080124,13283249,0.916187287014222,1.04421121483385,1.93200685579415,1.64056848537211
FAS,chr10,90545497,91043900,0.474914232500538,0.45973549937114,3.0068664466466,2.17667040406765
UBA52,chr19,18585487,18978290,0.747826219852462,1.1699180650718,5.2243149713682,1.68311519939233
VPS33A,chr12,122441958,122953806,0.890872116819771,0.907888752549005,1.98182968142174,1.38654959918012
AP3M2,chr8,41711970,42325230,0.942757373033686,0.958272996577861,1.63176035494267,1.94433504478601
HGS,chr17,79352984,79965895,1.08155014730114,1.20582979459076,3.00573019004335,1.08517534070434
KCNE2,chr21,35445054,36014954,1.41004981327891,1.32808804734639,2.67370815253292,1.33028651346878
GRID1,chr10,87182972,88412839,0.991505881396219,1.34843684120292,3.00284958416417,1.0115785058789
ATG16L1,chr2,233841664,234405923,0.92395819369087,4.00680542574693,1.53982409052386,1.94006263538999
CX3CL1,chr16,57118111,57703400,0.74896942795053,1.08769157937869,1.90711459386722,3.40285116148461
SLC30A2,chr1,26073652,26632856,0.738062249579259,0.929494999667608,2.23479979269194,1.8414356586164
AP1B1,chr22,29428361,30118673,0.921595118470496,4.24807295624951,1.72277747184719,2.63946769837026
CLTC,chr17,57407937,57643884,0.55742230097327,0.913341599165835,3.77237312433302,1.93158503534928
VPS4B,chr18,60766879,61341438,0.719386021468679,1.19146299580411,5.02715762070525,1.0088192723643
ATP6V0A4,chr7,138143409,138780381,1.39926090462514,1.18529807572574,1.90181858590163,1.67969974584215
SLC2A8,chr9,129860527,130469043,0.727502497029008,1.88287743662696,5.00519880171606,1.58649224251742
ITGA3,chr17,47833348,48450830,0.919121158560791,2.44176512411376,1.34638355125954,3.05267371099358
WIPI1,chr17,66292602,66726631,0.727108831057887,0.83823533355293,2.61446041265471,1.98121864876959
ITGB1,chr10,33208484,33579849,1.40546560903529,0.785684796347095,1.16108273021773,1.29963558944122
PSEN1,chr14,73306094,73958922,0.349762799832622,4.67478929970531,2.58949497605036,3.26921103962954
CHMP4B,chr20,32156359,32676532,0.95332496133731,1.64556608990511,2.90143383728134,0.778521669987685
SIAE,chr11,124291308,124796571,0.719472388263398,1.98094060285337,2.04022073141442,1.35186817732458
GPR137B,chr1,236016280,236646272,0.770988235913128,1.83372946046805,2.94806980684366,1.33229313548845
TP53INP2,chr20,33065610,33591789,0.991505881396219,0.956904859209889,1.37363758176022,1.8984504269082
HPS4,chr22,26563798,27179808,0.750968731536962,0.746791677353619,2.61654918635577,1.32756618259876
ATP6V0D1,chr16,67192970,67675997,1.06106960375759,0.665885254152708,1.46785939491985,1.89790547464683
ARL8A,chr1,201820608,202318403,0.625270265977324,1.05788685436103,1.6553053374807,3.16969638718312
ATG4B,chr2,242281367,242744114,0.765130379932774,1.18529807572574,1.90363989011287,1.3197210186624
RUBCN,chr3,197399040,197608153,0.266216087019572,0.664592906195738,3.79498812307131,1.89790547464683
SCPEP1,chr17,54755750,55368617,0.694248601604908,1.05943080297242,1.97493936002868,2.55195830028628
PTK6,chr20,61869650,62225999,0.874286861567514,2.09060895510711,1.81960738932117,1.82030049392994
SLC11A2,chr12,51090921,51718355,0.842699167550133,1.20074465881085,2.20362305084868,1.3066140097298
GNPTG,chr16,1105153,1707367,0.6921357572495,2.56573190804376,3.05448797237909,1.70408697032251
SCARB1,chr12,124971484,125663270,1.36440629560507,2.76714198155669,1.60812068501014,1.706370639142
SLC11A1,chr2,219088618,219540860,0.644873295934666,0.793377905273837,1.75207669403013,3.16969638718312
GPLD1,chr6,24140855,24790433,0.909317659337106,0.750070749654255,0.913964322379929,2.63946769837026
PI4K2A,chr10,99051456,99690532,0.77801117148012,1.16930798874999,1.80464134541046,1.67982549075076
ANKFY1,chr17,3774229,4266840,1.04915579659377,0.763032286744205,2.01457694218041,1.30209373949302
TSC2,chr16,1798261,2418994,0.623696608141723,4.21695567375676,3.36094221335508,1.88276661969014
CASP3,chr4,185281126,185821247,0.68540757510493,1.56997635940371,2.7226515262212,1.64056848537211
BNIP3L,chr8,25946339,26525530,0.911057393517935,0.837788786614963,1.6405361331286,1.8808379704948
ATP6V1D,chr14,67655970,67897208,0.431758045245503,2.33381328056567,4.92132372613781,0.941954199686175
RNF13,chr3,149271561,149972992,0.760281396831475,0.907037678631495,1.75445454473804,1.33415933644458
ALDOB,chr9,104032022,104479867,0.438686871863491,0.285143558619873,1.75212029071897,3.03400331690262
GALNS,chr16,88593924,89223270,1.2574870683459,4.54684530258956,2.61654918635577,1.15945821280963
DNM2,chr19,10533152,11217370,0.668105801264358,2.18540796174759,2.21641946759889,2.91535768662681
RAMP3,chr7,44951723,45496304,0.87881361473738,1.68090345537493,3.44007331974757,1.03640284141402
AP4M1,chr7,99470000,99775964,0.595440908636873,0.570005378729501,3.30375752389339,1.86406673667187
SRGN,chr10,70585962,71137030,0.691690450303508,1.06470442588075,1.72597255719696,1.33229313548845
ARSA,chr22,50780512,51178637,0.661217109448907,1.33222979242247,3.06125013443811,1.85349385850221
PLD1,chr3,171024571,171824974,0.45674544603721,2.36895131170642,0.899621487863595,2.96803906655103
GGA1,chr22,37710381,38318090,0.664258514117224,1.45881940772436,2.4813485676909,1.58649224251742
ANKRD27,chr19,32800861,33466998,0.934090951933489,0.782172291561308,1.70179978013015,1.68227459848263
rs329648,chr11,133466053,134054430,0.707403737263507,2.13374553285407,1.70135448978844,1.34580328417563
CDKN1B,chr12,12592684,13153788,1.07820928968214,0.519514357742789,2.35339299283379,1.23527763361427
SLC48A1,chr12,47882089,48433396,0.67961784902948,0.578526191888763,2.61445932831572,1.23527763361427
OSTM1,chr6,108067957,108775213,0.912419721925607,1.12003873220305,2.04022073141442,1.23527763361427
EIF4G1,chr3,183733660,184347921,0.539948412166502,1.99863972954297,2.58949497605036,2.2687956102062
NAAA,chr4,76556389,77135377,0.738062249579259,0.567575900037548,1.69441565331667,1.89790547464683
LRP1,chr12,57389724,57856706,0.87881361473738,0.958272996577861,1.68383652793347,1.706370639142
AMBRA1,chr11,46151460,46911075,0.816905343500796,1.18529807572574,1.38317174538482,2.81213484941062
SIPA1L2,chr1,232246487,232996691,1.04227817215934,1.06542610296915,1.675480374948,1.43943924487293
P4HB,chr17,79968522,80115017,0.814106362620002,2.72728042678971,1.66149848428034,1.23265219783922
GGA3,chr17,72938294,73522848,0.868468571834135,2.48980014611522,1.10122580303832,1.79737312490332
AP4B1,chr1,114201722,114723568,0.49060745841477,0.732588115779729,4.52413959626765,1.79702951297007
TP73,chr1,3269315,3842221,1.07255329267944,2.02412152640146,2.23187527133936,1.20991170075646
PINK1,chr1,20662704,21205843,0.644069891680848,1.09480015112497,2.91102398200809,1.30061042049165
SLC29A3,chr10,72788673,73277766,0.866683076779225,0.990067234753146,2.88891054282906,0.678319203288212
GLMP,chr1,156360329,156562589,1.18313790602912,0.329338636974281,2.29059741671942,0.906799335191787
LAMP1,chr13,113838104,114240868,0.67460650027402,1.11847664868698,1.98333214863326,1.19141438900698
ATF6,chr1,161680227,162101007,0.864886431471094,3.3842849545899,3.00270197795473,1.14304697140454
SLC15A4,chr12,128987218,129596089,0.835453737719486,1.53257148881454,2.12286740258583,1.18907937774909
BIRC5,chr17,75926376,76498558,0.861463862904934,1.05788685436103,1.35073207747047,2.04596021449401
GABARAP,chr17,6882274,7159965,0.632574689903076,0.802036058014984,1.77135212808819,1.42975668164417
ACP2,chr11,47021260,47546305,1.17232646530405,1.72658309364721,1.49562389402198,0.678319203288212
PTEN,chr10,89339007,90005633,0.406777585017545,0.994483490597046,1.09388445697206,2.63946769837026
SLC37A3,chr7,139738834,140395456,0.858590530245335,0.69271870458927,3.2760817233983,0.832916092236171
TLR3,chr4,186693624,187281728,0.686322249695729,1.75249317555615,2.88096349652211,1.18759449198142
RILP,chr17,1300527,1851565,0.631715797888059,7.02821457085333,3.73241909590971,1.29963558944122
MYC,chr8,128556254,129044477,1.121442564737,2.71417356703407,2.26404518106918,1.18357203890504
SORT1,chr1,109585162,110197479,0.631469333508431,0.999919038224311,1.80464134541046,1.24780866155156
CCDC62,chr12,122980968,123563209,0.814106362620002,1.88287743662696,1.60493801280163,1.26129665920355
LGMN,chr14,92879620,93513392,0.747986092545116,3.37317477865699,1.93124293000186,1.16977875216986
BNIP3,chr10,133505881,134092563,0.743742830713457,2.72728042678971,4.4166766550288,0.929664533536099
CREG1,chr1,167321719,167802080,0.719472388263398,0.673860271742936,2.35339299283379,1.16938307431358
MAPK8IP1,chr11,45614299,46140597,0.890872116819771,1.09805923180483,1.58577970461313,1.58649224251742
SPG11,chr15,44567220,45003589,0.258325691678804,0.327742297478658,2.47138048849747,2.40122171614882
CAMKK2,chr12,121403684,122028594,0.771747137223017,3.42991524632498,1.56806106335253,1.39672627459989
ATG101,chr12,52163502,52761238,0.750968731536962,0.717586706932616,4.31664683715798,1.16900136002005
GPNMB,chr7,23052586,23572702,0.61960627442029,0.595518954367573,2.46271871075722,1.4466460521436
RAB1A,chr2,65058470,65648165,1.1033967511786,2.48980014611522,1.18334910719871,1.22679797845892
AP4E1,chr15,50967667,51588032,0.639176186794487,1.75340181406099,1.56147986651127,1.54704361798015
VPS41,chr7,38616881,39266915,0.776938292729312,1.7556237521438,1.56147986651127,1.33366271631115
UBOX5,chr20,2842491,3389073,0.618170709900733,1.26800264764224,3.92728849106245,1.24185226030119
MCCC1,chr3,182458242,183128390,1.1033967511786,1.75340181406099,1.32144990419175,0.881743135804436
AP5Z1,chr7,4527660,5126068,0.82902023130438,1.11847664868698,3.22381758751061,1.15838713249449
ABCC10,chr6,43095779,43715668,0.618170709900733,0.851237875540807,2.19050668910771,1.86406673667187
RAB33B,chr4,140097022,140671531,0.631715797888059,0.860752747446114,3.22381758751061,1.14375400062734
TFEB,chr6,41376377,41998455,0.655226858073578,1.39141745153875,4.28856552001447,0.76842684761878
NRG3,chr10,83513432,84789805,0.48700621690602,0.623355767405497,1.33084057344361,2.48261828850479
MLST8,chr16,2461945,2557425,0.861199216644779,0.999919038224311,2.39327156335218,1.09120449372936
EN2,chr7,154955712,155547547,0.607700424798617,2.07270767184026,2.15137532944958,1.43901071419556
CLCN6,chr1,11575494,12186104,0.747826219852462,1.62096285819434,1.51885497169999,1.78363053434031
GAA,chr17,77775938,78217096,0.606894404249756,2.48980014611522,2.70687228444812,1.39907810088697
WDR45B,chr17,80275925,80900964,0.606894404249756,2.3032253443323,3.0067397855171,1.18812815384641
ATP6V1H,chr8,54505777,55047317,0.530656303984623,0.965130318516439,2.47578556210309,1.68311519939233
SLC36A1,chr5,150521374,151152815,0.442140306061448,2.22112094994326,2.35795479662307,1.706370639142
GAPDH,chr12,6343290,6941011,1.08155014730114,2.71917629582655,1.34874752224583,1.57383595625903
CTSZ,chr20,57282520,57873269,0.787418606892707,1.43179591093609,4.24464353552726,0.849222815868037
GNAI2,chr3,49967341,50030622,0.108722952978575,0.188599316623375,0.548706166571495,2.48261828850479
KLHL24,chr3,183194462,183669775,0.602100188200724,1.75457273172046,3.21215213522435,1.26341643975816
CAPN10,chr2,241229106,241808163,1.03587878101136,1.91644263794517,2.35057555053354,
TMEM55B,chr14,20665413,20938322,0.616119163038474,0.702248368687314,1.09551895746692,2.42612362100923
PCSK9,chr1,55211338,55802816,1.08155014730114,0.838374788587211,1.55433872470544,0.566576131909613
BNIP1,chr5,172271468,172862991,1.07360868588437,2.76762242623082,1.4939005775384,1.22398916709905
USP4,chr3,49021328,49674760,0.802824490846577,1.2819679307299,1.4899518108923,2.21692287500357
ATP6V0B,chr1,44153120,44740017,0.816905343500796,0.820453667754915,1.4899518108923,1.18907937774909
NUCKS1,chr1,205399569,205919668,0.771747137223017,3.38738574860271,1.85381640813659,1.09521571141919
GLB1,chr3,32806183,33406177,0.637882990565956,1.06613275270065,1.94005183426237,1.09291268449135
BAK1,chr6,33476965,33842358,0.595440908636873,1.15152887164927,1.8354770095712,1.33450986756485
PRF1,chr10,72236505,72647255,0.793281756356371,0.755586810823158,2.7756689328594,0.50005486801992
EGFR,chr7,54812547,55557064,1.02802673369427,3.48016979260863,1.75430685500034,1.08286944314792
AP3S2,chr15,90084156,90736799,0.836336561711864,1.26800264764224,2.04022073141442,1.07148331361382
SLC12A4,chr16,67701674,67980084,0.747826219852462,1.06542610296915,1.4362807244361,1.33825045043562
CLCN7,chr16,1713215,1796534,0.684601047157995,1.4080596165259,2.86929819434328,1.06730032884653
RNF152,chr18,59273337,59854055,0.591808877746561,5.89595980125108,1.75212029071897,1.79702951297007
VPS35,chr16,46602806,47021575,0.788925469360326,1.31030926894881,1.12405404138043,2.02888959262198
ITPR1,chr3,4819207,4864470,0.836011855713513,0.403594942965796,1.432926239698,1.14330823985309
ASS1,chr9,133026760,133654676,0.808302433891059,7.02821457085333,1.86378638847766,1.06455045417085
CALCOCO2,chr17,46609594,47170738,0.588425742171334,1.02155829552741,2.22623666922874,1.19112908175153
NAGA,chr22,42195748,42514335,1.07820928968214,0.417081824259824,0.859901596916071,1.16903804454269
SFTPB,chr2,85598231,86179453,0.538493799004013,0.795944396044507,3.78243585290218,1.36312174910766
CD46,chr1,207973446,208242782,0.934689972428819,0.996960209017613,2.20474000761342,0.812578743327104
ATP6V1B1,chr2,70871044,71454647,0.780955012291729,0.578526191888763,2.31649951633177,1.05336486917751
GCH1,chr14,55073744,55538901,0.587378194557128,1.01731784204531,2.72199788828375,1.48453488736417
TLDC1,chr16,84232995,84432771,0.637264723022597,1.10599088617478,1.75561910049002,1.04145771753277
SCARB2,chr4,77172251,77380589,0.787418606892707,0.6230952494027,0.307564511328371,1.85260109921474
ENTPD4,chr8,23081334,23610842,0.581209514838651,1.15152887164927,2.39166336786108,1.11855964564835
RNASE1,chr14,20972374,21571395,0.426883572753654,0.757018670569192,1.25973237056892,2.26722215306789
CTSL,chr9,90062595,90492091,0.621160886991334,1.35684890413627,1.39369654635429,1.89790547464683
STK39,chr2,168617835,169396286,1.07255329267944,1.75393848774387,0.95825254696056,0.750234360517392
EIF2AK2,chr2,37067520,37646264,0.595440908636873,0.655311930899949,0.597885895864669,2.25786599746891
FGFR3,chr4,1503157,2097971,0.684495025404265,3.42991524632498,1.9976246637493,1.03528034532349
VEGFA,chr6,43445013,43908994,1.06357351902913,2.12436351282014,1.37363758176022,1.56249869136359
CTNS,chr17,3435436,3840794,0.768819004750749,1.48653254252448,1.5049679451552,1.03201618903272
LRP2,chr2,169704711,170441728,0.780794613073005,0.456316560928716,1.27198470722284,1.93037048328019
AP1S1,chr7,100512011,101092606,0.766738037312413,0.816082915396878,1.38317174538482,2.01960379393866
MTMR14,chr3,9404974,9871038,0.780514576666996,0.815589408483695,2.2065103975943,0.761678615045739
CD74,chr5,149493966,150080011,0.569423293667061,1.55301404520857,2.58209223461996,1.33468365219797
NAMPT,chr7,105601130,106204877,1.06648175021363,1.07616570984664,2.04273551681349,0.933490199900128
HIF1A,chr14,61873495,62497026,0.705621742731951,0.645781596436679,1.6405361331286,1.02243154212969
SERPINA1,chr14,94567953,95156318,0.563962182302797,0.768614750306837,2.49223319012596,1.50540095882193
TMEM9,chr1,200823932,201438795,0.988262497387452,1.31445207434718,1.70933166970566,1.01926077010771
SMPD1,chr11,6241044,6678002,0.560365224192691,0.464641706886889,1.90770869843373,1.04998902363823
SNCA,chr4,90458843,91058565,0.727108831057887,1.18529807572574,1.36003761724773,1.60774558759696
AP1S3,chr2,224407258,225001025,0.619403650021913,1.33442925727007,1.63537719089353,1.00572260145893
CCR2,chr3,46107290,46676016,0.556348379294638,1.3713190940407,1.5270261770888,1.74130813745
ATP6V1A,chr3,113251337,113811583,0.689657704317401,0.656248060130857,1.49562389402198,0.985600150921824
DAPK2,chr15,63904544,64539251,0.659771949924286,0.816672706947092,1.35715267704099,1.47035309407515
KIF5B,chr10,32046316,32637378,0.983425662885186,0.367104485188644,0.820761682398824,1.49530039144287
CAT,chr11,34166658,34780205,0.72067962032582,1.68090345537493,1.35411194737913,1.38762838377621
PLA2G15,chr16,67981582,68577333,0.549630297434298,1.68050901516364,1.88920816129314,1.57692994758962
RAB14,chr9,123665460,124268384,1.06065089195123,0.795522357270822,1.44849138328649,0.52371009005044
TET3,chr2,74045357,74572674,0.495011425089647,2.07559901035359,3.54702195109535,0.966948609723697
PELP1,chr17,4336863,4719186,0.332173597185659,1.07013175005146,2.05609300474854,1.74932886267733
WDR41,chr5,76440558,76939607,0.604359100895807,0.796763048080422,1.54329202891004,0.977944465392045
RB1,chr13,48668349,49255533,0.945202258133841,0.355064459633303,1.60648659527249,0.977334441208999
VASN,chr16,4131103,4718028,0.666681118059178,1.86071451381597,2.99013651593045,0.976824627615253
ATP6V0C,chr16,2759137,2829433,0.627351866767375,2.57808894453529,1.34791476137243,1.3682386579187
NFKB1,chr4,103167735,103790937,0.541708759755037,0.594424632869572,1.52364512416395,1.35056185377967
VPS16,chr20,2540619,2820219,0.539948412166502,0.802036058014984,2.17916618977985,1.00838194027355
SLC44A2,chr19,10415865,10528709,1.02802673369427,0.329892138151721,1.32775540809307,1.24198638457003
C18orf8,chr18,20783622,21402695,0.58818581032278,1.67498070216788,1.90711459386722,0.966426393343925
RGS19,chr20,62831491,62904768,0.539948412166502,1.16133006821561,1.89625244566643,1.14106696463822
NFE2L2,chr2,177895577,178550831,0.662929749774476,3.06198789649711,1.32144990419175,1.03201618903272
RAB27A,chr15,55308557,55881744,0.603273363267982,0.361355253269867,1.80990476218453,0.961325059850362
HSPA5,chr9,127703897,128295417,1.03829011394959,1.20274205168692,0.898168035662698,1.43943924487293
AQP2,chr12,50047585,50579806,0.63904164548013,0.920319612674004,1.32009667258162,2.05013534034439
ARSB,chr5,77784264,78581794,0.601942282997284,0.7900328231667,1.367216351232,0.953896361329023
TXNDC5,chr6,7591295,8279423,0.583154661814038,1.74830279962475,2.10953104219412,0.95168592692019
IFNG,chr12,68286908,68841303,0.753637683319229,0.485996740591868,0.673448988564355,1.65438437875004
MMD,chr17,53276006,53798268,0.753637683319229,1.64735493973023,1.30700601750713,1.45555496731317
NRG2,chr5,139013085,139704182,0.530824904465419,3.38738574860271,1.99607798887717,1.60774558759696
CANX,chr5,178806268,179347100,0.733850304682764,2.48980014611522,1.30500023668503,1.12898173513615
ATP6V1F,chr7,128332184,128789784,0.530640932515503,1.37453952479363,1.98294142858141,1.23567698243932
GDAP2,chr1,118135023,118698283,0.748294004926172,1.46016835575785,1.2949999754015,1.71211191465292
EEF2,chr19,3878029,4285476,0.703613363202203,1.41609494117677,2.31439767812321,0.935533733432102
CLU,chr8,27167967,27770879,0.832433349069547,2.07270767184026,1.28722028734679,1.15836837511162
ECE1,chr1,21266225,21695171,0.747826219852462,0.732196743889935,1.27657274079841,1.33825045043562
LNPEP,chr5,95982853,96516315,0.581203788928134,0.5491057615987,1.07736693239499,2.02480591300394
ERO1A,chr14,52867009,53425535,0.765130379932774,0.709311961353242,1.27200439100557,1.17249952450089
TRIP10,chr19,6453699,6972358,0.540128485540715,1.00770460902754,0.941195146305318,2.01960379393866
RAB11A,chr15,65826834,66462183,0.799799582949063,2.04251230786133,1.27094199498511,1.16681919441255
VPS33B,chr15,91260847,91851435,0.59234498542471,2.52423574055059,1.27094199498511,1.27956050722466
ATG10,chr5,81033740,81735924,0.839293591299367,0.436351852642803,1.47946186596405,0.901158340793659
TP53,chr17,7785500,7863938,0.502413597109678,0.67442802884817,1.46074012423572,1.93158503534928
DLC1,chr8,12664251,13462599,0.500920762917716,0.755586810823158,1.51023154012023,1.12898173513615
NKX2-3,chr10,100993469,101569766,0.909317659337106,1.11874749304814,1.49218639072525,0.883197941022071
GNB2,chr7,99996300,100495558,0.498523239825557,1.53992820601709,2.19240132457089,1.17193521824411
ENPEP,chr4,110989797,111766391,0.758941710999162,1.07616570984664,1.92424330888171,0.671764577091765
CD63,chr12,56002052,56413900,0.618921630370795,1.99176452598666,1.25469719650726,1.92622034982829
ABCB9,chr12,123566030,123757474,0.495114753112156,1.18529807572574,1.77135212808819,1.701152093497
TMEM192,chr4,165735965,166428597,0.991505881396219,0.699960561335641,1.5287181671744,0.407115103411972
TMEM63A,chr1,225837948,226249092,0.396451205014141,0.808567801384827,3.15982749667747,0.627215984677644
ATP6V1B2,chr8,19794549,20375664,0.747826219852462,1.34449181786461,2.30101800588099,0.787935471204278
USP5,chr12,6662579,7268009,0.492574444372661,0.885045343466949,1.9165972786046,1.94006263538999
EIF4EBP1,chr8,37594879,38174998,0.747826219852462,1.02155829552741,1.24641504445547,1.68641117575369
COA7,chr1,52891100,53363412,0.660179296443799,0.553246891050271,1.00247747490643,1.98105342978415
ACP5,chr19,11407183,11908554,0.465834888859621,1.64913138061493,3.10607061999773,1.31422035661964
ATG5,chr6,106434216,107022833,0.484870961682646,1.05959164358278,2.98170844114472,1.36096867060227
IGF2R,chr6,160098217,160815426,0.493925454918804,1.81828989254365,1.37363758176022,1.43527429712954
ATG14,chr14,55569202,56174480,0.738062249579259,0.808701998139605,0.623691063005693,1.45157123313337
rs2414739,chr15,61732341,62271312,0.87881361473738,1.19528430019644,1.07789542492069,0.717523190483463
MARCH8,chr10,45849951,46090749,0.874286861567514,0.706450611736022,1.06955021467797,0.65307632141189
ATP6V1C1,chr8,103739813,104351756,0.874286861567514,0.727171191145862,0.791201243197382,0.989657358017118
NRG1,chr8,31218579,32655920,0.853753547952346,1.65525052637697,1.25922000546047,0.755866250421551
PRKAR1A,chr17,66755701,66816774,0.814163131906865,0.29215255779673,1.82240805685968,0.308244438890861
ATP6V0D2,chr8,86847137,87371206,0.794965880787016,0.9022264690768,0.424724718067867,0.214611956713756
HEXA,chr15,72411183,72827268,0.794222649491618,0.643007761251957,0.894448306623784,0.969021174716513
FOXO1,chr13,40845801,41509692,0.788956072741413,1.94587450407219,1.30180352829157,0.730820810371048
SLC2A13,chr12,40012940,40663647,0.78676203461928,0.990067234753146,1.30733770780349,0.693550140407932
SH3GLB1,chr1,86892654,87381387,0.784875688846002,0.264503540773869,0.498491299492506,1.3197210186624
NAPG,chr18,10233895,10582552,0.77801117148012,1.05536201953577,1.07698187002272,1.24745953950239
HSPB8,chr12,119327101,119779079,0.762138354025142,0.935699393495156,1.03298279976098,0.882180678511514
FUCA1,chr1,23895363,24483275,0.760781237112508,1.19146299580411,0.978962585220235,
RRAGD,chr6,89826650,90417233,0.748575897647453,0.820336537005815,0.973352469880772,1.09254829652845
ATG2B,chr14,96460127,97128907,0.748294004926172,0.966098409741013,1.09846681979652,0.871455936158731
BCL2,chr18,60551823,60761743,0.747826219852462,0.635699110564416,1.89334258682272,0.64809091749333
GALC,chr14,88141645,88720753,0.735392335938362,0.675595406691793,0.77787037296191,0.305632370943318
PRKAB1,chr12,119813647,120365629,0.723946781918947,1.05300344815606,1.07486975715444,0.595726132244586
BAG1,chr9,33001836,33377156,0.709212304222705,0.721660518116872,1.0542197582042,1.59782941673256
SAR1A,chr10,71619220,72216053,0.703524117367969,2.71917629582655,1.88267850612351,0.65053916668739
CPQ,chr8,97389551,98323490,0.6933208081748,2.09447486389905,2.06638416195384,0.569350364143247
DPP4,chr2,162722907,163218446,0.67473676138519,0.78390182946748,0.724767630245873,0.696261186092297
LAPTM4B,chr8,98600538,99080662,0.667055454835867,1.31709824467049,1.50289331538033,0.756773295746169
RAB5A,chr3,19871099,20227059,0.666681118059178,0.704372807215023,1.13768609843118,0.288315374036526
PON2,chr7,94893642,95226518,0.661451410602382,1.80851092172692,2.60111876765208,0.871040682902554
ATG7,chr3,11016425,11698423,0.655386289247111,1.12806695976634,1.64802174583241,
ZNRF1,chr16,74734713,75298538,0.644202696233419,1.09479524950101,0.969838387979282,1.11293345139751
RB1CC1,chr8,53249249,53856013,0.632348786359273,1.00410520050344,1.90711459386722,0.795448107597684
TMEM55A,chr8,91803658,92142134,0.622941566289665,0.221126063737377,0.975579240005412,0.833282497798946
TMEM74,chr8,109567241,110094967,0.622740937480529,0.497247985789202,0.636181386712862,0.360614610652252
LAMP3,chr3,183145208,183173276,0.610109520655381,0.124080079636191,0.618039257508752,0.394844697535661
STARD3NL,chr7,38059872,38468986,0.610109520655381,0.865324042371765,0.616443245008786,0.944703771441071
SESN2,chr1,28297528,28880317,0.604409944968255,0.411580625423218,0.669333738753205,0.871040682902554
CTSO,chr4,156588073,157060050,0.604409944968255,0.737227071395677,2.3321010276848,0.764681276691388
AP3B1,chr5,77021043,77746989,0.601942282997284,1.35684890413627,0.926368206405345,1.45157123313337
VAMP3,chr1,7532917,8124001,0.600606464445683,2.6850961428821,1.5175570267013,
SH3GL2,chr9,17396909,18012561,0.599015622612134,4.00680542574693,1.00733525848315,0.76796144774168
AP1G1,chr16,71490487,72128120,0.595440908636873,0.715651790859111,1.0567444599901,1.55637923627318
PCYOX1,chr2,70191776,70797394,0.595440908636873,2.21989237079604,0.66216996426455,0.901158340793659
GM2A,chr5,150326588,150511024,0.594778749258739,0.782181923738023,2.61652498944405,0.653230573739846
ITM2C,chr2,231439989,232023343,0.592676226994888,0.71246023184354,1.69441565331667,0.690979207938105
HGSNAT,chr8,42710154,43055101,0.59234498542471,0.561861499403896,0.921194974604641,0.91506542417831
FKBP1B,chr2,23980039,24525441,0.581727901664346,0.75427469249274,1.15648620720076,1.5528513894447
ATP13A2,chr1,17305253,17636229,0.580804811287626,0.48418173937161,1.14087333435012,1.18704694296371
GGH,chr8,63738624,64246684,0.573023660531559,5.95090090646055,1.42339717483618,0.861322389361812
ITGA6,chr2,173010950,173650729,0.571588162304864,0.584555487096386,1.84608646866736,0.360614610652252
ACPP,chr3,131738793,132347422,0.571588162304864,3.74606977300365,1.91224141634086,0.7877519457669
CTSA,chr20,44228000,44821523,0.570811828278539,2.33381328056567,2.12655546202884,0.841254446207577
PIK3C3,chr18,39237148,39912862,0.561743645866237,0.459172228293558,0.81321809407692,0.394783492183928
MON1B,chr16,76933177,77470584,0.559370899971732,1.18529807572574,1.14510320952093,0.78612378863088
RAB2A,chr8,61134687,61788940,0.556437439983228,0.454545488607117,1.11792732899218,0.613157154765705
ZFYVE1,chr14,73145401,73302736,0.550759971627954,0.962817064670094,1.50727772031598,0.41090837365828
TNFSF10,chr3,171942556,172481109,0.549119623609643,1.22213674148039,0.573081505151473,1.6018979021086
SNX16,chr8,82461714,82919129,0.542158768511283,0.818497963234471,0.8840391548286,0.447833338564833
NAF1,chr4,163970492,164369789,0.533962643279438,0.676119273920399,0.511407149656891,0.881743135804436
MAP1LC3C,chr1,241912764,242408794,0.530656303984623,0.795944396044507,1.44849138328649,
GABARAPL2,chr16,75300981,75896115,0.526173393494031,0.735775964649073,0.965349853656389,1.42268640550858
PRKCD,chr3,52903180,53381918,0.519943778378655,0.637743278867841,1.11647810959521,
ASAH1,chr8,17639502,18167048,0.517853015692707,0.965130318516439,0.770200748041586,0.655392633315468
GNB4,chr3,178864792,179439456,0.514538174236127,1.26268193488534,1.1565881592519,1.13245350447015
HPS1,chr10,99887875,100368439,0.513521122420921,1.28148615984026,2.51411138236819,0.775513453811644
MAP2K7,chr19,8021430,8239653,0.51274562526011,0.49553834299905,0.820787975475079,1.47391060920095
ATIC,chr2,215975767,216476005,0.511235136551352,1.18529807572574,0.684395784695437,0.508817709585895
IL24,chr1,206781953,207365270,0.502781298728934,1.09442725665711,0.941195146305318,0.802275385538892
EN1,chr2,119304217,119898095,0.496532779700925,2.13389740536213,1.223757190125,
WDR11,chr10,122338941,122962589,0.493925454918804,0.759118311601915,2.047074815765,0.857925095337598
DNAJC6,chr1,65431132,66042755,0.487995846101028,0.935748795099223,1.2365516435638,0.847693693364747
PIK3R4,chr3,130227567,130759060,0.483836826296046,0.815465643558345,0.933839460756398,0.671024843319002
LRBA,chr4,150954425,152203430,0.48073581840613,0.857128000747033,1.84482091774784,0.983836375498331
KCNE1,chr21,36043644,36148289,0.479183077049385,0.584555487096386,1.27550702275782,1.35083019446704
UCHL1,chr4,40964458,41563426,0.478073040178436,0.925367913166079,2.41255378910346,0.823127207300868
LHCGR,chr2,48647963,49176137,0.47184443808043,0.38911737964142,1.1675672179178,0.658592234548616
TP63,chr3,189065389,189766837,0.471169772147042,0.436503892819308,0.713427040078445,0.423186528593621
MARCH1,chr4,164415922,165529489,0.470657245868033,0.49553834299905,1.06825706913354,1.59817827546952
CUBN,chr10,16732732,17470860,0.468308028172842,0.597714058416088,1.65343509913551,0.585779527625114
ARL8B,chr3,4865657,5468257,0.465531159796156,0.925566034449378,1.7007559549935,1.11764224350913
CTSG,chr14,24798678,25339699,0.462079656478921,1.13843278493975,0.861029928078994,1.12352862703114
ABCA2,chr9,140181535,140216667,0.461062062291108,0.745625314386949,0.952445328786596,0.802275385538892
DNASE2B,chr1,84719550,84723833,0.446081245118411,0.797910739034007,0.367873820634118,0.378665457894443
MMP9,chr20,44836179,44935781,0.446064805660996,0.362041426085574,1.74402743303688,0.444444121773512
HEXB,chr5,73679987,74161616,0.445559500494186,0.748288518174958,1.16566768560948,0.747256030949923
GABARAPL1,chr12,10089344,10548577,0.441848519538991,0.707789946153493,0.546975505042116,0.262265883412264
ST13,chr22,40948237,41540082,0.441066930052553,1.28857552243824,1.27596871748029,1.68812910129671
NPC1,chr18,21422381,21461697,0.440443332437305,0.271021976680216,0.500487531110805,0.757157070250455
FOXO3,chr6,108856430,109272943,0.43788181384163,2.40559851486546,2.20362305084868,0.690463054478804
BTD,chr3,15345036,15935738,0.43605906956324,0.99481619368587,1.08882167755933,1.29963558944122
SUPT20H,chr13,37349260,37908174,0.431361944598074,0.823801460753753,2.03423252746826,0.826683739615053
ATG4C,chr1,62979138,63565540,0.429747706880704,0.717586706932616,2.05609300474854,1.30373568010587
NAGPA,chr16,4778942,5377573,0.424657439239948,2.36895131170642,1.60311798941324,1.11029906414691
ATP6V1G1,chr9,117062123,117621188,0.422310208416472,0.538729827535512,2.37297664242753,1.03207355861358
rs591323,chr8,16462036,16946678,0.421883105859878,0.382710005076176,1.19267978580783,0.692277961092914
GNAI3,chr1,109791532,110370637,0.421686199548777,1.13843278493975,1.92699347824636,0.611476166123526
TOM1L1,chr17,52757895,53316198,0.420052652694673,0.278974560518148,1.01486730266177,0.696208810022955
SUMF1,chr3,3541682,4794979,0.418075980361505,1.36260533434054,1.21560020418683,0.966426393343925
BIRC6,chr2,32810243,33081667,0.417536747990507,0.468090142923358,0.551402595145792,0.50698342097553
PLOD1,chr1,12213507,12322057,0.41733804951053,0.623411261047849,1.32586871607155,0.328090169180637
TPCN1,chr12,113405264,113495735,0.416616530570791,0.581214610701244,1.21668039122752,1.11242796704689
SIRT1,chr10,69455512,69961674,0.416393162646046,1.19653968338197,1.2018714970095,1.1009983923629
TSPAN1,chr1,46420108,46944931,0.415745348023701,1.26766561261648,0.876037596244485,0.888856469662106
PLBD1,chr12,14402542,14996587,0.41540468890868,0.656248060130857,0.939198549955214,1.16856863117709
CFLAR,chr2,201709090,202302503,0.409789692336031,1.05788685436103,1.40270647220634,
TMBIM1,chr2,218863782,218875605,0.402823721537858,0.464784107824276,0.41958058112562,0.678319203288212
LAPTM5,chr1,31046384,31513817,0.40157302185472,2.2638715958802,1.62127727440619,0.451322186960956
FUCA2,chr6,143539545,144109339,0.399821613493238,1.20274205168692,0.930043650350081,1.08851413747031
ABCA5,chr17,66968124,67603478,0.395830843728925,0.440920191811105,2.49148814358328,0.671415829252755
CAPNS1,chr19,36339923,36719973,0.389660921524988,3.23980621490414,1.35991099004478,0.783032734761282
RAF1,chr3,12328222,13001347,0.389368807001812,2.43174218633062,1.38549347209238,
SLC17A5,chr6,74072374,74501393,0.380742180277916,0.324305616390665,1.75430685500034,0.738021663356639
WDFY3,chr4,85355068,85994769,0.377437116011457,0.93045771161559,2.10953104219412,1.23856248729492
NCKAP1,chr2,183534282,184121367,0.376958854474274,0.717586706932616,1.16201831064942,0.653772653012256
RDH14,chr2,18569315,19033168,0.374762071913282,2.279519604763,1.21560020418683,0.47559740897933
CLTA,chr9,35906102,36488646,0.373595322596891,1.18529807572574,1.5175570267013,1.37537453030591
M6PR,chr12,8808116,9393817,0.37070175267433,0.787233879621759,0.704449966152292,1.40145931175757
FKBP1A,chr20,1099737,1474642,0.370569923479467,1.12093648270643,1.02734323102138,0.755618849204733
MFSD8,chr4,128553876,129165424,0.3688329544222,0.379404760899823,1.22277124827483,0.944703771441071
PPT1,chr1,40298175,40852152,0.3645308976706,0.362825204308514,1.58789830542894,0.931847672266032
AZU1,chr19,573647,876317,0.361559398204288,2.30372793963467,2.40248787281013,0.597759183820891
GJA1,chr6,121614027,122004220,0.352654471214199,1.0383712735934,0.985019262619328,0.734286405232793
CTSH,chr15,79164807,79515060,0.352245789388707,1.0196234975782,0.988285893788074,1.02756926148919
BST1,chr4,15471377,16012577,0.352096312421738,0.817702459516091,1.38720139480344,1.47391060920095
CD164,chr6,109509355,109901879,0.34884370379494,0.58995889882664,1.82569310915163,0.476427310091218
rs11724635,chr4,16023225,16036219,0.347577866892398,0.427708122800162,0.77210244071354,0.194804749423528
AP1M2,chr19,10399598,10406840,0.346678511040017,0.582616690164284,0.611332362672479,0.744505861816528
RACK1,chr5,180465253,180686753,0.344744527332651,1.36260533434054,1.15124578756647,0.451502305808533
ANPEP,chr15,90036522,90070527,0.344120517374048,0.263378255896475,0.463851257099359,0.627215984677644
CTBS,chr1,84813359,85333066,0.340236282160983,1.75340181406099,0.653641439875336,1.60870887933497
ENPP1,chr6,131902081,132474982,0.339073525239104,0.519731448991365,0.613637467082622,0.692459258466074
CHMP2B,chr3,86981753,87588428,0.337134856221883,0.521915731567422,0.673929021093381,0.859800451292445
BCL10,chr1,85461631,86037681,0.335144345957892,1.02514384627366,0.970212119913815,0.540566291679243
ZFYVE26,chr14,67946911,68431509,0.324368286254007,0.617120458264761,1.36399077399763,1.31422035661964
LIPA,chr10,91068753,91462199,0.323805861365235,0.434842087584658,1.05401203681903,0.844274263159478
MMP3,chr11,102478291,102829308,0.322850480795958,0.363265765178273,1.50289331538033,0.456052730002242
CP,chr3,148674773,149231274,0.318539190384862,0.339785120320318,0.964067123819524,0.660725652224196
MFSD1,chr3,158290701,158831176,0.315220266750274,1.75457273172046,1.59903223760165,0.921795880473251
NLRC4,chr2,32205998,32743087,0.313677259830681,1.13511076093627,0.980312162941632,0.722928446726173
ADRB2,chr5,147987495,148388925,0.311998169931927,0.280498517166782,1.06219819814027,0.377249394632034
CST3,chr20,23332980,23606413,0.311222828112545,1.26105950067232,0.713427040078445,1.28473388427419
DRAM1,chr12,102545456,102613609,0.308203702909066,0.409932503611948,0.354076565064594,0.113976717521598
ATG4D,chr19,10370595,10371022,0.307864215388542,0.297397878611467,0.33278781044415,0.518354528668862
FAM47E,chr4,77448086,77476765,0.306792319739749,0.591949734531908,0.701905882327092,0.102614937851314
RIT2,chr18,40270582,40874077,0.299323634102852,0.527496194171909,1.29883926710084,0.626093981665586
ABCA3,chr16,2559286,2581219,0.29034612251416,0.60166628219555,0.760946979757201,0.505996706858315
NEU4,chr2,242953344,242998184,0.289589898651816,0.797910739034007,2.49105220849871,0.365601807610827
CXCR4,chr2,136576974,137121432,0.288169539857752,1.18529807572574,1.26627919118378,0.479936697380612
MIOS,chr7,7361113,7936963,0.285664645735949,0.54431478087132,1.8976541976134,1.08517534070434
CCKAR,chr4,26206631,26789759,0.283403699585074,1.1405050541475,1.48164058505094,1.65526322633003
PPA2,chr4,106062224,106629595,0.280663971739126,1.36260533434054,1.02647783368523,1.35465038897297
TBK1,chr12,64580992,64784087,0.278319670500332,0.693228324173529,1.2600220805392,0.881743135804436
NEDD4,chr15,55944863,56535253,0.276706862956659,1.94587450407219,2.01090829102948,1.0379881405212
CXCR2,chr2,218698013,218843048,0.276699102359942,0.259529487348243,2.09393679910063,0.929664533536099
PARK2,chr6,162863816,163433624,0.274230123595025,0.841050647233226,0.809711501088559,0.659990212874184
DNAJB9,chr7,107931500,108356616,0.268832698934586,0.600165827089499,1.08687055231692,0.872788574681068
ATG12,chr5,114878924,115419747,0.266604605375044,0.60166628219555,1.25922000546047,0.295172332907289
ATG13,chr11,46918407,46941706,0.265069381807692,0.719916881543075,1.42339717483618,0.433896030994813
ATG3,chr3,112052515,112454113,0.262142394981399,1.12003873220305,1.36064860020617,0.334746046543284
IKBKB,chr8,42325288,42476024,0.26184229835246,0.434842087584658,0.711894539743477,1.03640284141402
RNASE2,chr14,21125837,21575398,0.261825259896781,0.452715139407287,0.617919581779376,0.901158340793659
AGA,chr4,178116218,178648461,0.260171697642326,0.553246891050271,0.523731514332643,1.11556887486976
TMEM92,chr17,48525174,48650235,0.256156921155283,0.623678927858277,0.581026237679348,0.566392775976426
ANXA11,chr10,82035890,82260603,0.254961200971853,0.920066030832795,1.23449228629185,0.599448259043454
HPSE,chr4,83970763,84547941,0.250712130055502,0.755586810823158,0.808785541852017,0.846872369417018
EVA1A,chr2,75450079,76093065,0.248704687296005,0.845020326991209,0.536031199308339,1.95078765130169
MARCH3,chr5,126054184,126649751,0.245606658431836,0.527496194171909,0.876037596244485,0.486586477860445
rs6430538,chr2,135240457,135293656,0.24541824440675,0.270662670513142,0.366884621535943,1.520963189174
MCOLN1,chr19,7292476,7402422,0.242447340336321,0.464784107824276,0.499831614536108,0.656503434691975
TSPAN8,chr12,71313638,72031560,0.230394763644353,0.999919038224311,0.909828735298782,0.783982283305598
GRID2,chr4,93154547,94329415,0.217869778945277,0.268623938494252,0.460589989424886,0.941954199686175
H19,chr11,2020391,2020504,0.212381209876818,0.216975433071345,0.301624287439648,0.125860330087008
SMPDL3A,chr6,122931835,123390983,0.208002773991666,0.456456100270109,0.618528431240815,0.43345061271758
EGF,chr4,110621170,110984540,0.206478865272731,0.365900145639401,1.41238778228225,0.248087494350261
VAMP4,chr1,171479837,172011297,0.204827520116581,0.937352303055197,0.765324292568108,1.89790547464683
GOPC,chr6,117649904,117870463,0.197545983380456,0.318903346263463,0.671588456334113,0.562686007274345
MCOLN3,chr1,85359862,85388656,0.193203959478767,0.210915301523973,0.0913126849100726,0.121771450308406
PRDX6,chr1,173156650,173720227,0.182421887049319,0.490994938544149,1.44849138328649,0.769911493226225
CTSS,chr1,150444175,150479525,0.182006062704806,0.273141908666985,1.60493801280163,0.753559308057224
IRGM,chr5,150137722,150226773,0.181725557208344,0.499996489103753,1.40840026010921,1.08255693093124
GC,chr4,72413145,72898290,0.158938945624952,0.305772122144864,0.178833245928366,0.20424207880392
GNAI1,chr7,79628434,80022708,0.158148170903059,1.25120755400666,0.795973194564958,0.224950277767444
STX7,chr6,132567921,133049284,0.155527337941676,0.645900277821349,1.39849401796103,1.22850837251308
CASP1,chr11,104609201,105073237,0.154757228081216,0.197689529340167,0.521511331413746,0.611319905084785
PEX3,chr6,143485939,143516978,0.142828483191744,0.410822110052335,0.143247734460574,0.216938913293932
DNAJC13,chr3,132378058,132524366,0.13939466662327,0.628716695428286,0.39926122092224,0.478404507055121
AP4S1,chr14,31221018,31735231,0.138825229979974,0.270471843402937,0.48935057409196,1.41586430181723
LMBRD1,chr6,70505343,70802036,0.136989154830383,0.317331585705481,0.279071108924294,1.33366271631115
TET2,chr4,105782630,106009601,0.118554291432889,0.145981636486723,0.876852527507837,0.105159351235537
NPPA,chr1,12194283,12207690,0.10330934910505,0.533832679599974,0.549440934814491,0.360517868585337
LRRK2,chr12,40825676,40964312,0.0844107384523451,0.687073975977584,0.482037624163689,0.0855905996717592
ARNT,chr1,151103132,151137724,0.0721787130091918,0.504294568125112,0.964025143417313,1.15952356932609
BAG3,chr10,121656780,121702316,0.0666061404427563,0.113311190677815,0.323969083016519,0.211038861673045
ZNF597,chr16,3493877,3494007,0.0645103032771996,0.556832980946746,0.0705186707029846,0.0672164856424914
rs356182,chr4,90334094,90334094,0.0634001841664186,0.20286636642984,0.0877399992031386,0.08688417444575
CASP8,chr2,202317424,202317503,0.0457059716942306,0.0349169157399656,0.0236935465964286,0.15251805077774
NESP-AS,chr20,57425649,57426801,0.0436666403669899,0.109596853209815,0.213771887433621,0.162566477706627
GNAS,chr20,57417646,57417723,0.0317290725425524,0.0669089482990808,0.697995737371228,0.167386991120634
MAP1LC3A,chr20,32904417,32904497,0.0265829471675378,0.148172559663096,0.170835786427281,0.0734864390558619
MANBA,chr4,103941013,103946273,0.0149196253184524,0.110810933632197,0.227419276401152,0.285320555181305
GNAS_Ex1A,chr20,57463456,57463573,0.0103635506084319,0.058509235690148,0.164640488520778,0.0720779986614492
GOT1,chr10,100991801,100991816,0.0093466613907483,0.0308242121765089,0.117442363632373,0.0986837482090026
TPP1,chr11,6766259,6766333,0.00209920114882964,0.0865262243628114,0.109813416741026,0.0401016937788704
